{
    "TimSort": 9.74915075302124,
    "CombSort": 17.030069828033447,
    "TreeSort": 0.08701705932617188,
    "PigeonholeSort": 4.101654529571533,
    "HeapSort": 9.924147129058838,
    "BitonicSort": 41.911895751953125,
    "GnomeSort": 76.0272,
    "RadixSort1": 9.37001895904541,
    "RadixSort2": 27.765126943588257,
    "GmoneSort": 0.3461592197418213
}