{
    "TimSort": 0.03287768363952637,
    "CombSort": 0.03751826286315918,
    "TreeSort": 0.19428212341321413,
    "PigeonholeSort": 3.0891122817993164,
    "HeapSort": 0.04512596130371094,
    "BitonicSort": 0.14388155937194824,
    "RadixSort1": 0.036028146743774414,
    "RadixSort2": 0.08765769004821777,
    "GmoneSort": 13.527995109558105
}