{
    "TimSort": 0.018760204315185547,
    "CombSort": 0.0020151138305664062,
    "TreeSort": 0.0030345916748046875,
    "PigeonholeSort": 7.344027280807495,
    "HeapSort": 0.002994537353515625,
    "BitonicSort": 0.003996133804321289,
    "GnomeSort": 0.0856,
    "RadixSort1": 0.00786733627319336,
    "RadixSort2": 0.0,
    "GmoneSort": 0.0
}