{
    "TimSort": 0.010540485382080078,
    "CombSort": 0.0030481815338134766,
    "TreeSort": 0.0030345916748046875,
    "PigeonholeSort": 7.6873719692230225,
    "HeapSort": 0.0029985904693603516,
    "BitonicSort": 0.004023313522338867,
    "GnomeSort": 0.0856,
    "RadixSort1": 0.005997896194458008,
    "RadixSort2": 0.012996912002563477,
    "GmoneSort": 0.0
}