{
    "TimSort": 0.0029976367950439453,
    "CombSort": 0.0029993057250976562,
    "TreeSort": 0.0030345916748046875,
    "PigeonholeSort": 0.10499978065490723,
    "HeapSort": 0.00400090217590332,
    "BitonicSort": 0.00697016716003418,
    "GnomeSort": 0.0856,
    "RadixSort1": 0.004004240036010742,
    "RadixSort2": 0.0,
    "GmoneSort": 0.0
}