{
    "TimSort": 5.135382652282715,
    "CombSort": 9.337478399276733,
    "TreeSort": 0.0,
    "PigeonholeSort": 5.86308741569519,
    "HeapSort": 5.803184270858765,
    "BitonicSort": 17.86681294441223,
    "GnomeSort": 76.0272,
    "RadixSort1": 5.939474105834961,
    "RadixSort2": 15.28283977508545,
    "GmoneSort": 0.1990816593170166
}