{
    "TimSort": 5.2059783935546875,
    "CombSort": 9.20801043510437,
    "TreeSort": 0.0,
    "PigeonholeSort": 0.615997314453125,
    "HeapSort": 5.729989767074585,
    "BitonicSort": 17.913030862808228,
    "GnomeSort": 76.0272,
    "RadixSort1": 4.423037528991699,
    "RadixSort2": 5.0,
    "GmoneSort": 0.21102666854858398
}