{
    "TimSort": 0.07460975646972656,
    "CombSort": 0.08445143699645996,
    "TreeSort": 0.3495412344214122,
    "PigeonholeSort": 3.0974225997924805,
    "HeapSort": 0.09866762161254883,
    "BitonicSort": 0.3204169273376465,
    "RadixSort1": 0.0760645866394043,
    "RadixSort2": 0.2004401683807373,
    "GmoneSort": 54.755088806152344
}